{
  "description": "Swiss Ephemeris 2.10.03 house cusps for selected charts. Generated 2026-05-11T22:54:06.483455+00:00.",
  "charts": [
    {
      "name": "Greenwich @ J2000",
      "lat_deg": 51.4769,
      "lon_deg": 0.0,
      "jd_tdb": 2451545.0,
      "delta_t_seconds": 63.83,
      "swiss": {
        "whole_sign_cusps_deg": [
          0.0,
          30.0,
          60.0,
          90.0,
          120.0,
          150.0,
          180.0,
          210.0,
          240.0,
          270.0,
          300.0,
          330.0
        ],
        "ascendant_deg": 23.681299406048275,
        "mc_deg": 279.3651554340806,
        "armc_deg": 280.1903863126478,
        "equal_cusps_deg": [
          23.681299406048275,
          53.681299406048275,
          83.68129940604828,
          113.68129940604825,
          143.68129940604825,
          173.6812994060483,
          203.68129940604828,
          233.68129940604828,
          263.6812994060483,
          293.68129940604825,
          323.68129940604825,
          353.68129940604825
        ],
        "placidus_cusps_deg": [
          23.681299406048275,
          60.817152657128865,
          81.76641000080558,
          99.36515543408058,
          118.77661634010303,
          147.28972339090058,
          203.68129940604828,
          240.81715265712887,
          261.7664100008056,
          279.3651554340806,
          298.77661634010303,
          327.2897233909006
        ],
        "koch_cusps_deg": [
          23.681299406048275,
          58.57661085145026,
          81.85637677893486,
          99.36515543408058,
          123.17249425226157,
          158.94055627181206,
          203.68129940604828,
          238.57661085145025,
          261.8563767789349,
          279.3651554340806,
          303.1724942522616,
          338.9405562718121
        ],
        "regiomontanus_cusps_deg": [
          23.681299406048275,
          67.43319064646936,
          86.28301405012658,
          99.36515543408058,
          114.1350154243006,
          141.79023938311724,
          203.68129940604828,
          247.43319064646937,
          266.28301405012655,
          279.3651554340806,
          294.1350154243006,
          321.79023938311724
        ],
        "campanus_cusps_deg": [
          23.681299406048275,
          76.9279522261533,
          90.94403784272448,
          99.36515543408058,
          108.46349873987708,
          126.98361307056126,
          203.68129940604828,
          256.9279522261533,
          270.94403784272447,
          279.3651554340806,
          288.4634987398771,
          306.98361307056126
        ],
        "porphyry_cusps_deg": [
          23.681299406048275,
          48.909251415392376,
          74.13720342473647,
          99.36515543408058,
          134.13720342473647,
          168.90925141539242,
          203.68129940604828,
          228.90925141539236,
          254.13720342473647,
          279.3651554340806,
          314.13720342473647,
          348.90925141539236
        ]
      }
    },
    {
      "name": "Madrid @ 2023-02-25",
      "lat_deg": 40.4168,
      "lon_deg": -3.7038,
      "jd_tdb": 2460000.5,
      "delta_t_seconds": 69.5,
      "swiss": {
        "whole_sign_cusps_deg": [
          210.0,
          240.0,
          270.0,
          300.0,
          330.0,
          0.0,
          30.0,
          60.0,
          90.0,
          120.0,
          150.0,
          180.0
        ],
        "ascendant_deg": 227.8347701242992,
        "mc_deg": 148.44964462896843,
        "armc_deg": 150.6053860662527,
        "equal_cusps_deg": [
          227.8347701242992,
          257.8347701242992,
          287.8347701242992,
          317.8347701242992,
          347.8347701242992,
          17.83477012429921,
          47.83477012429921,
          77.83477012429921,
          107.83477012429921,
          137.8347701242992,
          167.8347701242992,
          197.8347701242992
        ],
        "placidus_cusps_deg": [
          227.8347701242992,
          257.64770200449453,
          292.2546555522961,
          328.44964462896843,
          0.5875250408116699,
          26.615770832749604,
          47.83477012429921,
          77.64770200449453,
          112.25465555229607,
          148.44964462896843,
          180.58752504081167,
          206.6157708327496
        ],
        "koch_cusps_deg": [
          227.8347701242992,
          254.67403454699485,
          285.55458022336876,
          328.44964462896843,
          354.94226730107295,
          21.53671673593749,
          47.83477012429921,
          74.67403454699485,
          105.55458022336876,
          148.44964462896843,
          174.94226730107295,
          201.5367167359375
        ],
        "regiomontanus_cusps_deg": [
          227.8347701242992,
          254.1631860782383,
          289.0827322991164,
          328.44964462896843,
          0.5570080006942817,
          25.177976180040275,
          47.83477012429921,
          74.16318607823831,
          109.0827322991164,
          148.44964462896843,
          180.55700800069428,
          205.17797618004028
        ],
        "campanus_cusps_deg": [
          227.8347701242992,
          261.63404606423995,
          297.37932604506125,
          328.44964462896843,
          354.62485952576213,
          19.681502575795548,
          47.83477012429921,
          81.63404606423995,
          117.37932604506125,
          148.44964462896843,
          174.62485952576213,
          199.68150257579555
        ],
        "porphyry_cusps_deg": [
          227.8347701242992,
          261.3730616258556,
          294.91135312741204,
          328.44964462896843,
          354.911353127412,
          21.3730616258556,
          47.83477012429921,
          81.3730616258556,
          114.91135312741204,
          148.44964462896843,
          174.911353127412,
          201.37306162585563
        ]
      }
    },
    {
      "name": "New York @ 1968-05-24",
      "lat_deg": 40.7128,
      "lon_deg": -74.006,
      "jd_tdb": 2440000.5,
      "delta_t_seconds": 38.3,
      "swiss": {
        "whole_sign_cusps_deg": [
          240.0,
          270.0,
          300.0,
          330.0,
          0.0,
          30.0,
          60.0,
          90.0,
          120.0,
          150.0,
          180.0,
          210.0
        ],
        "ascendant_deg": 240.99938423510613,
        "mc_deg": 166.4012727688531,
        "armc_deg": 167.4871569715667,
        "equal_cusps_deg": [
          240.99938423510613,
          270.99938423510616,
          300.99938423510616,
          330.99938423510616,
          0.999384235106163,
          30.999384235106163,
          60.99938423510616,
          90.99938423510616,
          120.99938423510616,
          150.99938423510616,
          180.99938423510616,
          210.99938423510616
        ],
        "placidus_cusps_deg": [
          240.99938423510613,
          272.6592203891208,
          309.68863940207666,
          346.4012727688531,
          16.895156780315403,
          40.95242207990185,
          60.99938423510616,
          92.65922038912078,
          129.68863940207666,
          166.4012727688531,
          196.8951567803154,
          220.95242207990185
        ],
        "koch_cusps_deg": [
          240.99938423510613,
          267.38369856561866,
          299.9803831946177,
          346.4012727688531,
          11.417587921326628,
          36.2420615620116,
          60.99938423510616,
          87.38369856561866,
          119.98038319461767,
          166.4012727688531,
          191.41758792132663,
          216.24206156201163
        ],